Function,Measurement
bench_sum,50.262630597976894
bench_prod,4.179547565154255e-43
